"elapsedSeconds","processCount","privateMiB","workingSetMiB","cpuOneCorePercent"
"0.3","27","1395.84","2091.23",
"30.58","27","1392.5","2092.35","1.961183496536"
"60.85","27","1392.02","2092.47","0.206446104207262"
"91.09","27","1449.63","2154.48","3.30701154969815"
"121.33","27","1424.49","2083.64","1.13660083838323"
"151.56","27","1425.04","2087.14","0.62024527415774"
"181.82","27","1399.36","1728.01","0.464828374703995"
"212.08","27","1398.75","1730.98","0.46470429371302"
"242.35","27","1398.71","1733.16","0.206474055114433"
"272.61","27","1398.53","1733.18","0.516273778851601"
"302.87","27","1396.59","1731.09","0.464821360846219"
"333.12","27","1400.24","1734.96","1.18784533783356"
"363.36","27","1399.86","1669.92","0.620046434566499"
"393.61","27","1398.04","1669.54","1.34310838080256"
"423.84","27","1397.94","1669.49","0"
"454.08","27","1397.61","1668.7","0.516608927422166"
"484.32","27","1397.73","1668.85","0.155010184111226"
"514.58","27","1397.16","1668.37","0.258192162176285"
"544.83","27","1397.06","1668.3","0.103322020514384"
"575.07","27","1397.05","1668.58","0.464975568571711"
"600.32","27","1397.05","1668.62","0.123761349386032"
